{
  "BernardCells": {
    "T": {
      "benchmark_sim": 0.28466707391569945,
      "standard_sim": 0.5159362549800797,
      "winner": "standard"
    },
    "U": {
      "benchmark_sim": 0.2018881626724764,
      "standard_sim": 0.5847347994825356,
      "winner": "standard"
    },
    "alphat": {
      "benchmark_sim": 0.19440914866581957,
      "standard_sim": 0.45,
      "winner": "standard"
    },
    "epsilon": {
      "benchmark_sim": 0.21782178217821782,
      "standard_sim": 0.453125,
      "winner": "standard"
    },
    "k": {
      "benchmark_sim": 0.21747831887925284,
      "standard_sim": 0.4406392694063927,
      "winner": "standard"
    },
    "nut": {
      "benchmark_sim": 0.21059602649006623,
      "standard_sim": 0.4459613196814562,
      "winner": "standard"
    },
    "p": {
      "benchmark_sim": 0.0,
      "standard_sim": 0.597864768683274,
      "winner": "standard"
    },
    "p_rgh": {
      "benchmark_sim": 0.19423368740515934,
      "standard_sim": 0.608092485549133,
      "winner": "standard"
    },
    "g": {
      "benchmark_sim": 0.018505338078291814,
      "standard_sim": 0.5449358059914408,
      "winner": "standard"
    },
    "momentumTransport": {
      "benchmark_sim": 0.00030900856533117027,
      "standard_sim": 0.42776203966005666,
      "winner": "standard"
    },
    "physicalProperties": {
      "benchmark_sim": 0.09838321293429653,
      "standard_sim": 0.7166666666666667,
      "winner": "standard"
    },
    "blockMeshDict": {
      "benchmark_sim": 0.4343339587242026,
      "standard_sim": 0.5102564102564102,
      "winner": "standard"
    },
    "controlDict": {
      "benchmark_sim": 0.04845548152634767,
      "standard_sim": 0.24018126888217523,
      "winner": "standard"
    },
    "functions": {
      "benchmark_sim": 0.0,
      "standard_sim": 0.0,
      "winner": "tie"
    },
    "fvSchemes": {
      "benchmark_sim": 0.12906556530717606,
      "standard_sim": 0.6621392190152802,
      "winner": "standard"
    },
    "fvSolution": {
      "benchmark_sim": 0.3484978540772532,
      "standard_sim": 0.7095391211146839,
      "winner": "standard"
    }
  },
  "Cavity": {
    "U": {
      "benchmark_sim": 0.54627539503386,
      "standard_sim": 0.7153153153153153,
      "winner": "standard"
    },
    "epsilon": {
      "benchmark_sim": 0.0,
      "standard_sim": 0.0,
      "winner": "tie"
    },
    "k": {
      "benchmark_sim": 0.0,
      "standard_sim": 0.0,
      "winner": "tie"
    },
    "nuTilda": {
      "benchmark_sim": 0.0,
      "standard_sim": 0.0,
      "winner": "tie"
    },
    "nut": {
      "benchmark_sim": 0.0,
      "standard_sim": 0.0,
      "winner": "tie"
    },
    "omega": {
      "benchmark_sim": 0.0,
      "standard_sim": 0.0,
      "winner": "tie"
    },
    "p": {
      "benchmark_sim": 0.5662251655629139,
      "standard_sim": 0.6873184898354308,
      "winner": "standard"
    },
    "momentumTransport": {
      "benchmark_sim": 0.24833702882483372,
      "standard_sim": 0.42105263157894735,
      "winner": "standard"
    },
    "physicalProperties": {
      "benchmark_sim": 0.29782082324455206,
      "standard_sim": 0.5250737463126843,
      "winner": "standard"
    },
    "boundary": {
      "benchmark_sim": 0.0,
      "standard_sim": 0.8854018069424632,
      "winner": "standard"
    },
    "faces": {
      "benchmark_sim": 0.0,
      "standard_sim": 0.014015145399060274,
      "winner": "standard"
    },
    "neighbour": {
      "benchmark_sim": 0.0,
      "standard_sim": 0.9656058227486799,
      "winner": "standard"
    },
    "owner": {
      "benchmark_sim": 0.0,
      "standard_sim": 0.9820911050011146,
      "winner": "standard"
    },
    "points": {
      "benchmark_sim": 0.0,
      "standard_sim": 0.029705992064837736,
      "winner": "standard"
    },
    "blockMeshDict": {
      "benchmark_sim": 0.5102880658436214,
      "standard_sim": 0.8161120840630472,
      "winner": "standard"
    },
    "controlDict": {
      "benchmark_sim": 0.5230566534914362,
      "standard_sim": 0.5725308641975309,
      "winner": "standard"
    },
    "fvSchemes": {
      "benchmark_sim": 0.34968017057569295,
      "standard_sim": 0.32821143208358944,
      "winner": "benchmark"
    },
    "fvSolution": {
      "benchmark_sim": 0.3685932388222465,
      "standard_sim": 0.551791850760923,
      "winner": "standard"
    }
  },
  "counterFlowFlame2D": {
    "CH4": {
      "benchmark_sim": 0.5838113448056087,
      "standard_sim": 0.6259426847662142,
      "winner": "standard"
    },
    "CO2": {
      "benchmark_sim": 0.583386992916935,
      "standard_sim": 0.6326219512195121,
      "winner": "standard"
    },
    "H2O": {
      "benchmark_sim": 0.583386992916935,
      "standard_sim": 0.6326219512195121,
      "winner": "standard"
    },
    "N2": {
      "benchmark_sim": 0.5853658536585366,
      "standard_sim": 0.6419379258137774,
      "winner": "standard"
    },
    "O2": {
      "benchmark_sim": 0.588310854206808,
      "standard_sim": 0.6464799394398183,
      "winner": "standard"
    },
    "Qdot": {
      "benchmark_sim": 0.0,
      "standard_sim": 0.0,
      "winner": "tie"
    },
    "T": {
      "benchmark_sim": 0.5818414322250639,
      "standard_sim": 0.6268882175226587,
      "winner": "standard"
    },
    "U": {
      "benchmark_sim": 0.6074825618262524,
      "standard_sim": 0.6577181208053692,
      "winner": "standard"
    },
    "Ydefault": {
      "benchmark_sim": 0.5841269841269842,
      "standard_sim": 0.6306306306306306,
      "winner": "standard"
    },
    "alphat": {
      "benchmark_sim": 0.5258215962441315,
      "standard_sim": 0.6725239616613419,
      "winner": "standard"
    },
    "p": {
      "benchmark_sim": 0.49796472184531887,
      "standard_sim": 0.638961038961039,
      "winner": "standard"
    },
    "time": {
      "benchmark_sim": 0.0,
      "standard_sim": 0.0,
      "winner": "tie"
    },
    "chemistryProperties": {
      "benchmark_sim": 0.022834116856950974,
      "standard_sim": 0.020066889632107024,
      "winner": "benchmark"
    },
    "combustionProperties": {
      "benchmark_sim": 0.032036613272311214,
      "standard_sim": 0.4984025559105431,
      "winner": "standard"
    },
    "momentumTransport": {
      "benchmark_sim": 0.2905982905982906,
      "standard_sim": 0.4911147011308562,
      "winner": "standard"
    },
    "physicalProperties": {
      "benchmark_sim": 0.1797945205479452,
      "standard_sim": 0.6439024390243903,
      "winner": "standard"
    },
    "reactions": {
      "benchmark_sim": 0.08648648648648649,
      "standard_sim": 0.10434782608695652,
      "winner": "standard"
    },
    "thermo.compressibleGas": {
      "benchmark_sim": 0.04254201680672269,
      "standard_sim": 0.01546551190844417,
      "winner": "benchmark"
    },
    "blockMeshDict": {
      "benchmark_sim": 0.43656716417910446,
      "standard_sim": 0.49591964846202136,
      "winner": "standard"
    },
    "controlDict": {
      "benchmark_sim": 0.3117723156532988,
      "standard_sim": 0.728801681850035,
      "winner": "standard"
    },
    "functions": {
      "benchmark_sim": 0.0,
      "standard_sim": 0.0,
      "winner": "tie"
    },
    "fvSchemes": {
      "benchmark_sim": 0.41445562671546204,
      "standard_sim": 0.7876447876447876,
      "winner": "standard"
    },
    "fvSolution": {
      "benchmark_sim": 0.4509715318572074,
      "standard_sim": 0.6463414634146342,
      "winner": "standard"
    }
  },
  "Cylinder": {
    "U": {
      "benchmark_sim": 0.5239085239085239,
      "standard_sim": 0.4426106526631658,
      "winner": "benchmark"
    },
    "p": {
      "benchmark_sim": 0.5124653739612188,
      "standard_sim": 0.3305534495830174,
      "winner": "benchmark"
    },
    "momentumTransport": {
      "benchmark_sim": 0.37684003925417076,
      "standard_sim": 0.39955357142857145,
      "winner": "standard"
    },
    "physicalProperties": {
      "benchmark_sim": 0.3123425692695214,